date,fund_daily_gross_return,fund_daily_net_return,bm_daily_return,active_daily_return,rebalance_date,fund_cum_nav,bm_cum_nav
2024-08-01,-0.0009301712007735293,-0.001908869595713538,-0.01321607546428216,0.011307205868568622,2024-07-31,0.9980911304042864,0.9867839245357178
2024-08-02,0.010432549649298413,0.010432549649298413,-0.02015185461787394,0.030584404267172353,2024-07-31,1.0085037656767537,0.966898398349219
2024-08-05,0.01955097816261576,0.01955097816261576,-0.03192286683350054,0.051473844996116305,2024-07-31,1.0282210007764157,0.9360322295371919
2024-08-06,0.012661831104975672,0.012661831104975672,0.01169168591224024,0.0009701451927354322,2024-07-31,1.0412401614268358,0.9469760243686747
2024-08-07,-0.004555475989465581,-0.004555475989465581,-0.0003761397683497147,-0.004179336221115867,2024-07-31,1.0364968168721886,0.9466198290262359
2024-08-08,0.002169804701292571,0.002169804701292571,0.01436356558972363,-0.01219376088843106,2024-07-31,1.0387458125383127,0.9602166650289872
2024-08-09,-0.003129163743384039,-0.003129163743384039,0.00689461094695365,-0.010023774690337689,2024-07-31,1.035495406803126,0.9668369853591433
2024-08-12,-0.002005638751052567,-0.002005638751052567,0.0001778545657806774,-0.0021834933168332444,2024-07-31,1.0334185770887045,0.9670089417313551
2024-08-13,0.00241893131157398,0.00241893131157398,0.01464498920360735,-0.01222605789203337,2024-07-31,1.0359183456427865,0.9811707772428025
2024-08-14,0.010088780097891461,0.010088780097891461,0.005795976615800669,0.004292803482090792,2024-07-31,1.046369498031348,0.9868576201238088
2024-08-15,-0.019390875320177255,-0.019390875320177255,0.0115998307320837,-0.030990706052260952,2024-07-31,1.0260794775561857,0.998305001473912
2024-08-16,0.0028917172478499353,0.0028917172478499353,0.00569649843746145,-0.002804781189611515,2024-07-31,1.0290466092790997,1.003991844354918
2024-08-19,0.002422740958108685,0.002422740958108685,0.00949339988500264,-0.007070658926893955,2024-07-31,1.0315397226472032,1.0135231404146607
2024-08-20,-0.013655857734102356,-0.013655857734102356,-0.0005695796017789467,-0.013086278132323409,2024-07-31,1.0174531629476575,1.0129458583079496
2024-08-21,0.003089026125757637,0.003089026125757637,0.003383048381229603,-0.0002940222554719662,2024-07-31,1.0205961023497376,1.0163727031541716
2024-08-22,-0.0027587339157424933,-0.0027587339157424933,-0.005703996422917523,0.00294526250717503,2024-07-31,1.0177805492679108,1.0105753168910292
2024-08-23,-0.009770110322822888,-0.009770110322822888,0.01041603364245169,-0.02018614396527458,2024-07-31,1.00783672101714,1.0211015033899975
2024-08-26,-0.0002865057320027664,-0.0002865057320027664,-0.001575769240022229,0.0012892635080194626,2024-07-31,1.0075479700196457,1.0194924830500152
2024-08-27,-0.00040181193236234317,-0.00040181193236234317,0.0009397250701781434,-0.0013415370025404866,2024-07-31,1.0071431252228644,1.0204505256951955
2024-08-28,0.00012086394105496065,0.00012086394105496065,-0.004200719779492212,0.004321583720547173,2024-07-31,1.0072648525101853,1.0161638989879145
2024-08-29,-0.005703568426982344,-0.005703568426982344,2.417444277913461e-05,-0.005727742869761478,2024-07-31,1.0015198484997991,1.0161884641839447
2024-08-30,0.0005810295159212075,0.0005810295159212075,0.00766311310948331,-0.007082083593562102,2024-07-31,1.0021017610925584,1.0239756313255384
2024-09-03,-0.0024011298479750132,-0.0035597409812084977,-0.01704490931772373,0.013485168336515231,2024-08-30,0.998534538386256,1.0065220595460356
2024-09-04,0.014831797319822851,0.014831797319822851,-0.005393730093841254,0.020225527413664103,2024-08-30,1.013344600276444,1.001093151223347
2024-09-05,-0.005582139625326174,-0.005582139625326174,-0.002920066253604081,-0.0026620733717220933,2024-08-30,1.0076879692291305,0.9981698928957455
2024-09-06,0.0025833740801453732,0.0025833740801453732,-0.01242816887543519,0.015011542955580562,2024-08-30,1.0102912042097114,0.9857644689004622
2024-09-09,0.000926115686075655,0.000926115686075655,0.005993246694992349,-0.0050671310089166945,2024-08-30,1.0112268507414341,0.9916723985457407
2024-09-10,0.0030691302922718155,0.0030691302922718155,0.001374817310312304,0.0016943129819595114,2024-08-30,1.0143304377014033,0.9930357669254204
2024-09-11,0.00015336032998706714,0.00015336032998706714,0.006332793231827338,-0.006179432901840271,2024-08-30,1.0144859957520451,0.9993244571091682
2024-09-12,-0.0171602207258409,-0.0171602207258409,0.009808139034672703,-0.026968359760513604,2024-08-30,0.9970771921416656,1.0091259703252438
2024-09-13,0.007791184046325262,0.007791184046325262,0.00649959225404384,0.0012915917922814218,2024-08-30,1.0048456040540343,1.0156848776653242
2024-09-16,-0.006688856303007719,-0.006688856303007719,0.001801845379899136,-0.008490701682906854,2024-08-30,0.9981243362018078,1.0175149847695788
2024-09-17,0.0016464248602988812,0.0016464248602988812,0.0003621351488376501,0.0012842897114612312,2024-08-30,0.9997676729225999,1.0178834627100328
2024-09-18,-0.00043917199612698247,-0.00043917199612698247,-0.002932232841007854,0.0024930608448808715,2024-08-30,0.9993286029580193,1.0148987913923557
2024-09-19,0.013693180726822532,0.013693180726822532,0.01597502087644775,-0.0022818401496252187,2024-08-30,1.0130125901238065,1.0311118207723302
2024-09-20,-0.0005558820573225875,-0.0005558820573225875,-0.002525342767632721,0.0019694607103101338,2024-08-30,1.0124494746011148,1.0285079099931222
2024-09-23,0.0008790787264658052,0.0008790787264658052,0.003200496793532182,-0.0023214180670663768,2024-08-30,1.0133394973958583,1.0317996462611778
2024-09-24,-0.005605298510484436,-0.005605298510484436,0.005368728051901694,-0.010974026562386129,2024-08-30,1.0076594270204902,1.0373390979660024
2024-09-25,0.0016626130629133363,0.0016626130629133363,-0.001124846073695118,0.0027874591366084545,2024-08-30,1.0093347747468222,1.036172251154565
2024-09-26,0.009407178335559806,0.009407178335559806,0.008392503645049398,0.0010146746905104077,2024-08-30,1.0188297669731476,1.0448683305492787
2024-09-27,-0.004995257385960078,-0.004995257385960078,0.002527360142942747,-0.007522617528902825,2024-08-30,1.013740450054639,1.047509089122532
2024-09-30,0.002684442256313267,0.002684442256313267,-0.001242906055063164,0.003927348311376431,2024-08-30,1.0164617777556997,1.046207133732928
2024-10-01,0.004769445927104241,0.0036083546506804564,-0.006938411326868454,0.010546765977548911,2024-09-30,1.0201295323387034,1.0389481183059848
2024-10-02,-0.005957837674868637,-0.005957837674868637,-0.0004255973140080416,-0.005532240360860596,2024-09-30,1.0140517661776898,1.03850594477744
2024-10-03,0.0015101736442779295,0.0015101736442779295,-0.003796525174155296,0.005306698818433225,2024-09-30,1.015583160428905,1.0345632308145827
2024-10-04,0.0012605234811918764,0.0012605234811918764,0.006054849815980035,-0.004794326334788158,2024-09-30,1.0168633268497285,1.0408273558023
2024-10-07,0.0007729851311266905,0.0007729851311266905,-0.004342695303280575,0.005115680434407265,2024-09-30,1.0176493470817713,1.0363073597327315
2024-10-08,-0.0037541819392966254,-0.0037541819392966254,0.0012563409661972,-0.005010522905493826,2024-09-30,1.01382890628242,1.0376093151223353
2024-10-09,0.00157828128754051,0.00157828128754051,0.004569236961102341,-0.002990955673561831,2024-09-30,1.0154290134739732,1.0423503979561763
2024-10-10,0.004602038945768977,0.004602038945768977,-0.0005302601809954455,0.005132299126764423,2024-09-30,1.0201020573406443,1.0417976810454954
2024-10-11,0.0028336064272263587,0.0028336064272263587,0.005352574305285351,-0.0025189678780589927,2024-09-30,1.0229926250867516,1.0473739805443654
2024-10-14,-0.0015694563600665793,-0.0015694563600665793,0.005218533416204263,-0.006787989776270842,2024-09-30,1.021387082805008,1.052839736661099
2024-10-15,0.0075077930326334225,0.0075077930326334225,-0.006918033551879366,0.014425826584512788,2024-09-30,1.0290554456289134,1.0455561560381257
2024-10-16,-0.006434709757737546,-0.006434709757737546,0.001139500734214316,-0.007574210491951862,2024-09-30,1.0224337725116721,1.0467475680455933
2024-10-17,0.0006991955990514743,0.0006991955990514743,-0.0001760108892069345,0.0008752064882584089,2024-09-30,1.0231486537057337,1.0465633290753664
2024-10-18,-0.002474410860690836,-0.002474410860690836,0.005445561984344094,-0.00791997284503493,2024-09-30,1.020616963564903,1.052262454554388
2024-10-21,-0.0010534323581436553,-0.0010534323581436553,-0.00365351169007011,0.0026000793319264546,2024-09-30,1.0195418126302134,1.0484180013756517
2024-10-22,0.0003645787418928694,0.0003645787418928694,-0.002706248974905789,0.0030708277167986586,2024-09-30,1.0199135159015693,1.0455807212341561
2024-10-23,0.007514362746865745,0.007514362746865745,-0.00814077789655454,0.015655140643420287,2024-09-30,1.0275775160304847,1.0370688808096695
2024-10-24,0.0036298948580164455,0.0036298948580164455,0.001658099817609004,0.0019717950404074414,2024-09-30,1.031307514372137,1.038788444531788
2024-10-25,0.004235989849518409,0.004235989849518409,-0.0002955991202969743,0.004531588969815383,2024-09-30,1.0356761225347495,1.0384813795814098
2024-10-28,-0.0010532781050263942,-0.0010532781050263942,0.002885900483743153,-0.003939178588769547,2024-09-30,1.034585267550985,1.041478333497102
2024-10-29,-0.006714605336378274,-0.006714605336378274,0.0001769013951624654,-0.00689150673154074,2024-09-30,1.0276384357925488,1.0416625724673292
2024-10-30,0.0060566440115924925,0.0060566440115924925,-0.003702480898028493,0.009759124909620985,2024-09-30,1.033862475970774,1.0378058366905776
2024-10-31,-0.00471057314203289,-0.00471057314203289,-0.01495964210476497,0.01024906896273208,2024-09-30,1.0289923911589103,1.0222806327994505
2024-11-01,0.0028757398334848245,0.0019279929082599114,0.003424246065120817,-0.0014962531568609055,2024-10-31,1.030976281191718,1.0257811732337632
2024-11-04,-0.0060967377219716574,-0.0060967377219716574,-0.0002514518349996386,-0.005845285886972019,2024-10-31,1.0246906892077186,1.0255232386754454
2024-11-05,0.01461691066218039,0.01461691066218039,0.009868972620787009,0.004747938041393382,2024-10-31,1.0396685014682356,1.035644099439914
2024-11-06,0.0015474960147024686,0.0015474960147024686,0.0137100026091701,-0.012162506594467631,2024-10-31,1.0412773843308694,1.0498427827454069
2024-11-07,-0.00039255846006997007,-0.00039255846006997007,0.009184079369164877,-0.009576637829234846,2024-10-31,1.0408686220843706,1.0594846221872856
2024-11-08,0.002958250827604286,0.002958250827604286,0.0004984987073812785,0.0024597521202230073,2024-10-31,1.043947772547079,1.0600127739019363
2024-11-11,0.0057939020289416426,0.0057939020289416426,9.269773585773855e-05,0.005701204293083904,2024-10-31,1.0499963036645485,1.0601110346860572
2024-11-12,0.0035874079304526116,0.0035874079304526116,-0.007252925501100682,0.010840333431553294,2024-10-31,1.0537630687312607,1.0524221283285844
2024-11-13,0.005386386823485978,0.005386386823485978,-0.002322487278838548,0.0077088741023245266,2024-10-31,1.059439044239751,1.049977891323573
2024-11-14,0.005623859605319461,0.005623859605319461,-0.004269754927765046,0.009893614533084507,2024-10-31,1.0653971806849492,1.04549474304805
2024-11-15,-0.002846870765320531,-0.002846870765320531,-0.01009163533834589,0.007244764573025359,2024-10-31,1.0623641325978022,1.0349439913530514
2024-11-18,-0.004847523204578806,-0.004847523204578806,0.00354849811893998,-0.008396021323518785,2024-10-31,1.057214297813322,1.0386164881595759
2024-11-19,0.0014236662895747401,0.0014236662895747401,0.004245506149479716,-0.0028218398599049762,2024-10-31,1.0587194181699755,1.0430259408470084
2024-11-20,0.0010393475881523581,0.0010393475881523581,-0.001589750232574572,0.0026290978207269304,2024-10-31,1.0598197956437805,1.0413677901149656
2024-11-21,0.0031284360877357606,0.0031284360877357606,0.004246084166823927,-0.0011176480790881663,2024-10-31,1.063135374138969,1.0457895254004133
2024-11-22,0.0010488654170281385,0.0010488654170281385,0.003159353565723944,-0.0021104881486958054,2024-10-31,1.0642504600665228,1.0490935442664837
2024-11-25,-0.0033162746326602112,-0.0033162746326602112,0.004238230714294078,-0.0075545053469542895,2024-10-31,1.0607211132630072,1.0535398447479616
2024-11-26,-0.0016430669535375615,-0.0016430669535375615,0.001550568347420622,-0.0031936353009581835,2024-10-31,1.0589782774548853,1.0551734302839741
2024-11-27,0.006174224801507943,0.006174224801507943,-0.0009545094752526628,0.007128734276760606,2024-10-31,1.0655166473998054,1.0541662572467332
2024-11-29,0.009726824979620602,0.009726824979620602,0.004928576422063236,0.0047982485575573655,2024-10-31,1.0758807413419353,1.059361796207134
2024-12-02,-0.0006793422191601803,-0.0014976689822767096,0.002492782525014725,-0.0039904515072914344,2024-11-29,1.0742694281269987,1.0620025547803873
2024-12-03,0.0005197928068707881,0.0005197928068707881,0.003932272390821501,-0.003412479583950713,2024-11-29,1.0748278256483803,1.066178638105532
2024-12-04,-0.019185274766996326,-0.019185274766996326,0.004884567531450168,-0.024069842298446494,2024-11-29,1.054206958486103,1.0713864596639482
2024-12-05,-0.0014421039633289489,-0.0014421039633289489,-0.0001375705048837217,-0.0013045334584452272,2024-11-29,1.0526866824531012,1.0712390684877666
2024-12-06,0.008558763071725005,0.008558763071725005,0.001800128416804325,0.00675863465492068,2024-11-29,1.0616963783569775,1.0731674363761425
2024-12-09,-0.009240164715002138,-0.009240164715002138,-0.003296212788847841,-0.005943951926154297,2024-11-29,1.0518861289436379,1.0696300481477845
2024-12-10,-0.003297404622917395,-0.003297404622917395,-0.005098467014985397,0.0018010623920680022,2024-11-29,1.0484176347592764,1.0641765746290657
2024-12-11,-0.0014385824103581176,-0.0014385824103581176,0.005747856095843717,-0.007186438506201834,2024-11-29,1.0469093995912024,1.0702933084406014
2024-12-12,0.0005011162886482863,0.0005011162886482863,-0.0034198235003845,0.003920939789032786,2024-11-29,1.0474340229440766,1.066633094232092
2024-12-13,0.0035430220316965168,0.0035430220316965168,-0.002613972662682373,0.00615699469437889,2024-11-29,1.051145104764116,1.063844944482657
2024-12-16,-0.006515110377579963,-0.006515110377579963,0.001962731198189793,-0.008477841575769756,2024-11-29,1.044296778383725,1.0659329861452296
2024-12-17,-0.007404367333991503,-0.007404367333991503,-0.004401733038348121,-0.003002634295643382,2024-11-29,1.0365644214308678,1.061241033703449
2024-12-18,0.005671669624095439,0.005671669624095439,-0.02150413184879973,0.02717580147289517,2024-11-29,1.0424434723733154,1.0384199665913336
2024-12-19,0.0042762157409763305,0.0042762157409763305,-0.007132380772142399,0.01140859651311873,2024-11-29,1.0469011855589563,1.0310135599882089
2024-12-20,0.009714777338168827,0.009714777338168827,0.005742128399709445,0.003972648938459382,2024-11-29,1.0570715974717264,1.0369337722315026
2024-12-23,0.004642274064379558,0.004642274064379558,0.006194994255120045,-0.0015527201907404873,2024-11-29,1.0619788135328616,1.0433575709934166
2024-12-24,0.0034260374558167596,0.0034260374558167596,0.008158123984649102,-0.004732086528832342,2024-11-29,1.065617192725309,1.0518694114179032
2024-12-26,-0.0021919160515392975,-0.0021919160515392975,0.0001634769205618447,-0.002355392972101142,2024-11-29,1.0632814492957783,1.052041367790115
2024-12-27,-0.0024401523378717043,-0.0024401523378717043,-0.005732432022229172,0.0032922796843574673,2024-11-29,1.0606868805814635,1.0460106121646853
2024-12-30,-0.0012627706115870177,-0.0012627706115870177,-0.009147272257579608,0.007884501645992591,2024-11-29,1.0593474763605695,1.0364424683108975
2024-12-31,-0.0015613688666021373,-0.0015613688666021373,-0.002962682056812382,0.0014013131902102446,2024-11-29,1.0576934441920665,1.0333718188071144
2025-01-02,-0.006029412231502861,-0.006995736426424554,-0.001664031949413558,-0.005331704477010996,2024-12-31,1.0502940996365415,1.0316522550849958
2025-01-03,0.004798408487207519,0.004798408487207519,0.008679294703130225,-0.003880886215922706,2024-12-31,1.0553338397583014,1.0406062690380273
2025-01-06,-0.01979961667088358,-0.01979961667088358,0.006704279880078268,-0.026503896550961848,2024-12-31,1.0344386342712755,1.0475827847106223
2025-01-07,-0.0102750904344448,-0.0102750904344448,-0.006987923554930164,-0.003287166879514636,2024-12-31,1.0238096837552544,1.0402623562936035
2025-01-08,-0.006250854943137367,-0.006250854943137367,-0.001168913972654506,-0.005081940970482861,2024-12-31,1.017409997932721,1.0390463790901054
2025-01-10,-0.002165815729068893,-0.002165815729068893,-0.01429162480052015,0.012125809071451256,2024-12-31,1.0152064753562862,1.0241967180898106
2025-01-13,0.0059088584611608555,0.0059088584611608555,-0.002482431103542626,0.008391289564703482,2024-12-31,1.0212051867280205,1.0216542203006782
2025-01-14,0.0015357258463868716,0.0015357258463868716,0.003149833491626453,-0.0016141076452395814,2024-12-31,1.022773477927743,1.0248722609806429
2025-01-15,-0.0027255525644131117,-0.0027255525644131117,0.01544804113085885,-0.018173593695271963,2024-12-31,1.0199858550521634,1.0407045298221482
2025-01-16,0.0019004535134190363,0.0019004535134190363,0.001569691962705067,0.0003307615507139694,2024-12-31,1.0219242907540351,1.0423381153581608
2025-01-17,0.006362157689319704,0.006362157689319704,0.00777724096484933,-0.0014150832755296262,2024-12-31,1.0284259342383586,1.050444630048148
2025-01-21,0.000379420746937349,0.000379420746937349,0.01041825006138697,-0.010038829314449622,2024-12-31,1.028816140374497,1.0613884248796308
2025-01-22,0.004575080274622898,0.004575080274622898,0.005057050940819874,-0.000481970666196976,2024-12-31,1.0335230568045382,1.0667559202122436
2025-01-23,0.004016452112123345,0.004016452112123345,0.004145029993897653,-0.00012857788177430846,2024-12-31,1.0376741526689688,1.0711776554976913
2025-01-24,-0.0030652229459734305,-0.0030652229459734305,0.0009173154762587288,-0.00398253842223216,2024-12-31,1.0344934500457643,1.0721602633389018
2025-01-27,-0.016556095401051185,-0.016556095401051185,-0.01040198875027198,-0.006154106650779204,2024-12-31,1.017366277795044,1.061007664341162
2025-01-28,0.008649929583755331,0.008649929583755331,0.005568225229501067,0.003081704354254264,2024-12-31,1.0261664244588586,1.0669155939864403
2025-01-29,0.0007861622007483767,0.0007861622007483767,-0.001542641370418152,0.002328803571166529,2024-12-31,1.0269731577134453,1.0652697258524126
2025-01-30,0.0027535003058010935,0.0027535003058010935,0.006203159229793531,-0.0034496589239924377,2024-12-31,1.0298009286172587,1.0718777635845536
2025-01-31,0.004217066540850642,0.004217066540850642,-0.004171059265710264,0.008388125806560906,2024-12-31,1.0341436676570677,1.0674068979070455
2025-02-03,0.0017556450210634562,0.0010080854901062292,-0.01117324864217983,0.012181334132286059,2025-01-31,1.035186172883118,1.0554804952343522
2025-02-04,0.024637264746976202,0.024637264746976202,0.008832462499854365,0.015804802247121837,2025-01-31,1.0606903286868483,1.0648029871278373
2025-02-05,-0.01590041015372636,-0.01590041015372636,0.005502237807410326,-0.021402647961136684,2025-01-31,1.0438249174146366,1.0706617863810555
2025-02-06,0.005057421822587048,0.005057421822587048,0.004187268409641121,0.0008701534129459277,2025-01-31,1.0491039803309294,1.075144934656579
2025-02-07,-0.0022672560962752842,-0.0022672560962752842,-0.006740238078917882,0.0044729819826425975,2025-01-31,1.0467253929358975,1.067898201827651
2025-02-10,0.004805262755808503,0.004805262755808503,0.005003220463746683,-0.00019795770793817977,2025-01-31,1.0517551834821313,1.0732411319642334
2025-02-11,-0.0021389053731411356,-0.0021389053731411356,-0.0001373327687430592,-0.0020015726043980764,2025-01-31,1.0495055786689522,1.0730937407880519
2025-02-12,0.005717729774802157,0.005717729774802157,-0.00101869126787002,0.006736421042672177,2025-01-31,1.0555063679649286,1.0720005895647051
2025-02-13,-0.003460762808826406,-0.003460762808826406,0.01098787781571531,-0.014448640624541716,2025-01-31,1.051853510782196,1.0837796010612168
2025-02-14,0.0029848222634147525,0.0029848222634147525,0.002119292360347691,0.0008655299030670615,2025-01-31,1.0549931065590297,1.0860764468900466
2025-02-18,0.00969763060578553,0.00969763060578553,0.003935583099611062,0.005762047506174468,2025-01-31,1.0652240399980892,1.0903507909993126
2025-02-19,-0.010709536347694459,-0.010709536347694459,-0.001070157256792714,-0.009639379090901744,2025-01-31,1.0538159844232917,1.089183944187875
2025-02-20,-0.0004763994114972562,-0.0004763994114972562,-0.003428171904777955,0.002951772493280699,2025-01-31,1.053313947108486,1.085450034391275
2025-02-21,-0.0006272323671202566,-0.0006272323671202566,-0.01039910379867159,0.009771871431551334,2025-01-31,1.0526532745081203,1.0741623268153684
2025-02-24,-0.0020793335269972263,-0.0020793335269972263,-0.004505225604317653,0.0024258920773204268,2025-01-31,1.0504644572621322,1.0693229831974063
2025-02-25,-0.0006658453573507744,-0.0006658453573507744,-0.004433723868596418,0.003767878511245644,2025-01-31,1.049765010380202,1.0645819003635653
2025-02-26,-0.008636389213245364,-0.008636389213245364,0.00273438401366044,-0.011370773226905804,2025-01-31,1.040698831168112,1.0674928760931517
2025-02-27,-0.00015409873602401526,-0.00015409873602401526,-0.01363463773285323,0.013480538996829213,2025-01-31,1.0405384607936474,1.05293799744522
2025-02-28,0.003588957748341623,0.003588957748341623,0.006637426218416786,-0.0030484684700751627,2025-01-31,1.0442729093649603,1.0599267957158303
2025-03-03,0.004347903734649138,0.003250362472578396,-0.00827394402920223,0.011524306501780626,2025-02-28,1.0476671748406905,1.0511570207330259
2025-03-04,-0.0016622293884108576,-0.0016622293884108576,-0.01129923698017077,0.009637007591759911,2025-02-28,1.0459257116733969,1.039279748452393
2025-03-05,3.5046510176856005e-05,3.5046510176856005e-05,0.01485569763868866,-0.014820651128511804,2025-02-28,1.0459623677194951,1.0547189741574141
2025-03-06,-0.004719260530873929,-0.004719260530873929,-0.009700597407739542,0.0049813368768656125,2025-02-28,1.0410261988007372,1.044487570010809
2025-03-07,0.002033450029437893,0.002033450029437893,0.002022625179331605,1.0824850106288305e-05,2025-02-28,1.0431430735553342,1.0466001768694118
2025-03-10,0.008444105916293326,0.008444105916293326,-0.02273207370026997,0.031176179616563295,2025-02-28,1.0519514841542832,1.0228087845141007
2025-03-11,0.008637175935452272,0.008637175935452272,-0.00731329482545362,0.01595047076090589,2025-02-28,1.0610373741984838,1.0153286823228853
2025-03-12,0.011442353771347271,0.011442353771347271,0.005092906222781357,0.006349447548565914,2025-02-28,1.073178139198684,1.020499656087256
2025-03-13,0.007778351867208952,0.007778351867208952,-0.0111452127339472,0.018923564601156153,2025-02-28,1.081525696381568,1.0091259703252435
2025-03-14,-0.00015916235111474147,-0.00015916235111474147,0.01770956316410865,-0.017868725515223394,2025-02-28,1.0813535582089409,1.0269971504372608
2025-03-17,0.004890695594593205,0.004890695594593205,0.008802353672829888,-0.003911658078236683,2025-02-28,1.086642129292271,1.0360371425763981
2025-03-18,0.0031427073632130905,0.0031427073632130905,-0.004706579727326687,0.007849287090539777,2025-02-28,1.0900571275131754,1.0311609511643907
2025-03-19,-0.0026701390326521034,-0.0026701390326521034,0.006956273152835646,-0.00962641218548775,2025-02-28,1.0871465234291817,1.038333988405228
2025-03-20,0.0053678757535393,0.0053678757535393,-0.002247536581615139,0.007615412335154439,2025-02-28,1.0929821908928419,1.036000294782353
2025-03-21,-0.01004480366775909,-0.01004480366775909,-0.001754656360036577,-0.008290147307722514,2025-02-28,1.082003399372966,1.0341824702761133
2025-03-24,-0.0006195274485132308,-0.0006195274485132308,0.01156783334718936,-0.012187360795702592,2025-02-28,1.0813330685676699,1.046145720742852
2025-03-25,-0.007839003239336775,-0.007839003239336775,0.002066382539067435,-0.00990538577840421,2025-02-28,1.072856495140366,1.048307457993515
2025-03-26,0.005385696450276261,0.005385696450276261,-0.008822598975969265,0.014208295426245526,2025-02-28,1.0786345745578994,1.0390586616881206
2025-03-27,-0.00543963418483045,-0.00543963418483045,-0.003238923826185625,-0.002200710358644825,2025-02-28,1.0727671970531942,1.0356932298319743
2025-03-28,0.007293350763489108,0.007293350763489108,-0.01580844856621055,0.02310179932969966,2025-02-28,1.0805912645088682,1.0193205266778032
2025-03-31,-0.006648200441537704,-0.006648200441537704,-0.003301642386340342,-0.003346558055197362,2025-02-28,1.0734072771870387,1.015955094821657
2025-04-01,-0.0008277075959159798,-0.00215441834702337,0.006044852807834067,-0.008199271154857437,2025-03-31,1.0710947088552385,1.022096393829223
2025-04-02,0.001233191959050904,0.001233191959050904,0.004758757435558536,-0.003525565476507632,2025-03-31,1.0724155742375807,1.0269603026432153
2025-04-03,0.020324048456700963,0.020324048456700963,-0.03405054358876225,0.054374592045463216,2025-03-31,1.094211400334106,0.991991746094134
2025-04-04,-0.006094338939435884,-0.006094338939435884,-0.0536749046604923,0.04758056572105642,2025-03-31,1.087542905189075,0.9387466836985361
2025-04-07,-0.009530414431816141,-0.009530414431816141,-0.02461107694723197,0.015080662515415828,2025-03-31,1.077178170590242,0.9156431168320726
2025-04-08,0.011840994418171822,0.011840994418171822,-0.003380372377528529,0.015221366795700351,2025-03-31,1.0899330312955775,0.9125479021322593
2025-04-09,-0.016809223406988497,-0.016809223406988497,0.05696134381393336,-0.07377056722092186,2025-03-31,1.071612103473874,0.9645278569322986
2025-04-10,0.022895078917941934,0.022895078917941934,-0.007653321108394451,0.030548400026336384,2025-03-31,1.0961467471523298,0.9571460155252042
2025-04-11,0.008917591847027048,0.008917591847027048,0.01457774583905458,-0.005660153992027532,2025-03-31,1.1059217364478806,0.9710990468703944
2025-04-14,0.0022244638866105444,0.0022244638866105444,0.01255960436613823,-0.010335140479527685,2025-03-31,1.1083818194120265,0.9832956666994205
2025-04-15,0.007483360680614193,0.007483360680614193,0.003172779054661845,0.004310581625952348,2025-03-31,1.116676240338522,0.9864154465952641
2025-04-16,-0.0009518032379590637,-0.0009518032379590637,-0.01490474411654841,0.013952940878589348,2025-03-31,1.1156133842772158,0.9717131767711509
2025-04-17,0.0019335206469052006,0.0019335206469052006,0.002237306131735561,-0.0003037854848303603,2025-03-31,1.1177704457896795,0.9738871966198293
2025-04-21,0.005832041490097366,0.005832041490097366,-0.01234708033799969,0.018179121828097056,2025-03-31,1.1242893294059297,0.961862533163015
2025-04-22,-0.003965694818296369,-0.003965694818296369,0.01679202155508164,-0.02075771637337801,2025-03-31,1.1198307410380388,0.9780141495529138
2025-04-23,0.002855766972466905,0.002855766972466905,0.01500766081430704,-0.012151893841840134,2025-03-31,1.1230287166830484,0.9926918541809968
2025-04-24,0.00035151060726872264,0.00035151060726872264,0.01441457047054606,-0.014063059863277338,2025-03-31,1.1234234731892299,1.0070010808686258
2025-04-25,0.002811817784653255,0.002811817784653255,0.005952235747566759,-0.0031404179629135037,2025-03-31,1.1265823352908402,1.0129949887000105
2025-04-28,0.0018923221164991177,0.0018923221164991177,0.002994883235929002,-0.0011025611194298841,2025-03-31,1.1287141919599681,1.0160287904097483
2025-04-29,-0.0011284667656983874,-0.0011284667656983874,0.004956419772488063,-0.0060848865381864506,2025-03-31,1.1274404755063692,1.0210646555959522
2025-04-30,0.004001874078097382,0.004001874078097382,0.002682513141908593,0.0013193609361887887,2025-03-31,1.1319523503198958,1.0238036749533266
2025-05-01,0.006890973163422589,0.005801101397160283,0.001931520982796364,0.003869580414363919,2025-04-30,1.1385189206808555,1.025781173233763
2025-05-02,0.01833287819086014,0.01833287819086014,0.01688319463569421,0.0014496835551659308,2025-04-30,1.1593912493716871,1.0430996364350993
2025-05-05,0.0046314558353821545,0.0046314558353821545,-0.00357962908448628,0.008211084919868435,2025-04-30,1.1647609187390806,1.0393657266384992
2025-05-06,-0.0029649736165812046,-0.0029649736165812046,-0.005081480956263928,0.002116507339682723,2025-04-30,1.1613074333453943,1.0340842094919922
2025-05-07,0.004810284507117887,0.004810284507117887,0.00251808388069974,0.0022922006264181473,2025-04-30,1.1668936525000164,1.0366881202712002
2025-05-08,-0.0002504416283237135,-0.0002504416283237135,0.002156321457768229,-0.0024067630860919423,2025-04-30,1.1666014137536038,1.0389235531099543
2025-05-09,0.0006377224270555019,0.0006377224270555019,0.001359579121593679,-0.0007218566945381771,2025-04-30,1.1673453816385893,1.0403360518816946
2025-05-12,0.00445917075731054,0.00445917075731054,0.02193624557260931,-0.01747707481529877,2025-04-30,1.1725507740280736,1.0631571189938103
2025-05-13,0.0058331798212726835,0.0058331798212726835,0.006492756302132641,-0.0006595764808599571,2025-04-30,1.179390473542552,1.0700599390783145
2025-05-14,0.0012445140303995823,0.0012445140303995823,0.00328282828282811,-0.002038314252428528,2025-04-30,1.1808582415341953,1.0735727621106421
2025-05-15,-0.007131260497076167,-0.007131260497076167,0.002677161750909596,-0.009808422247985763,2025-04-30,1.1724372338036957,1.076446890046183
2025-05-16,-0.0014197657112284404,-0.0014197657112284404,0.004815152898220099,-0.006234918609448539,2025-04-30,1.1707726476205735,1.081630146408569
2025-05-19,0.0005185559985520876,0.0005185559985520876,0.002009947536962597,-0.0014913915384105094,2025-04-30,1.171379758799938,1.0838041662572473
2025-05-20,0.004302680163162572,0.004302680163162572,-0.0008726300162059664,0.005175310179368538,2025-04-30,1.1764198312516565,1.0828584062100821
2025-05-21,0.005756878106184695,0.005756878106184695,-0.0086998933780994,0.014456771484284094,2025-04-30,1.1831923368218706,1.0734376535324757
2025-05-22,-0.0032268608959467393,-0.0032268608959467393,-0.003364036844213159,0.0001371759482664196,2025-04-30,1.1793743397377963,1.0698265697160267
2025-05-23,0.0092449486991635,0.0092449486991635,-0.003283544390994431,0.012528493090157931,2025-04-30,1.190277595005782,1.066313746683699
2025-05-27,0.0006026106006184794,0.0006026106006184794,0.01498588953521862,-0.01438327893460014,2025-04-30,1.1909948689022112,1.0822934067013859
2025-05-28,0.008523152229257444,0.008523152229257444,-0.005436016160515589,0.013959168389773033,2025-04-30,1.2011458994741293,1.0764100422521377
2025-05-29,0.005429312976531446,0.005429312976531446,0.004438764448805754,0.000990548527725692,2025-04-30,1.2076672964928519,1.081187972880024
2025-05-30,-0.0006371867726169374,-0.0006371867726169374,-0.0008633812737145474,0.00022619450109761,2025-04-30,1.2068977868658046,1.080254495430874
2025-06-02,-0.0010027946723319575,-0.002397467379267346,0.003843092666287573,-0.006240560045554919,2025-05-30,1.2040042887916838,1.0844060135599884
2025-06-03,0.0007796580472607661,0.0007796580472607661,0.003420623414280621,-0.002640965367019855,2025-05-30,1.2049430004243766,1.0881153581605585
2025-06-04,-0.003946078097767049,-0.003946078097767049,0.003420250592617746,-0.007366328690384795,2025-05-30,1.2001882012413443,1.0918369853591436
2025-06-05,-0.0023371572898908516,-0.0023371572898908516,-0.002362390739428233,2.5233449537381217e-05,2025-05-30,1.197383172637572,1.089257639775966
2025-06-06,0.008487925830066795,0.008487925830066795,0.005784648692534144,0.0027032771375326515,2025-05-30,1.2075464721970899,1.0955586125577288
2025-06-09,0.008345994155932275,0.008345994155932275,0.00197318265393065,0.006372811502001625,2025-05-30,1.2176246479970634,1.097720349808392
2025-06-10,0.0014571384813607243,0.0014571384813607243,0.004240701785794165,-0.0027835633044334413,2025-05-30,1.219398895727513,1.102375454456127
2025-06-11,0.008992949232745046,0.008992949232745046,-0.0005793807311339494,0.009572329963878995,2025-05-30,1.2303648880912559,1.1017367593593401
2025-06-12,-0.007623581808703418,-0.007623581808703418,0.002920879831436185,-0.010544461640139603,2025-05-30,1.220985100712336,1.1049548000393046
2025-06-13,0.008428967195292849,0.008428967195292849,-0.01102700058914419,0.01945596778443704,2025-05-30,1.2312767440721817,1.0927704628082935
2025-06-16,-0.0018016916672574483,-0.0018016916672574483,0.00878957839247363,-0.010591270059731078,2025-05-30,1.229058363022299,1.1023754544561266
2025-06-17,0.0003134656501946712,0.0003134656501946712,-0.007899633430268227,0.008213099080462898,2025-05-30,1.229443630601191,1.0936670924633978
2025-06-18,0.004768560265206429,0.004768560265206429,-0.0008422991397317725,0.005610859404938201,2025-05-30,1.235306306646387,1.0927458976122628
2025-06-20,-0.0029437763900491127,-0.0029437763900491127,-0.004394887992176799,0.0014511116021276864,2025-05-30,1.2316698411064027,1.0879434017883463
2025-06-23,-0.0018357489752143814,-0.0018357489752143814,0.004899747109826658,-0.006735496085041039,2025-05-30,1.229408804457789,1.0932740493269137
2025-06-24,0.00793517585819525,0.00793517585819525,0.01452645770138172,-0.0065912818431864695,2025-05-30,1.2391643795227751,1.1091554485604795
2025-06-25,-0.004372949064362777,-0.004372949064362777,-0.0009744969713076923,-0.003398452093055085,2025-05-30,1.2337455768087493,1.108074579935148
2025-06-26,-0.005337102065427879,-0.005337102065427879,0.008313473369173652,-0.01365057543460153,2025-05-30,1.2271609507425507,1.117286528446497
2025-06-27,-0.01358834094832153,-0.01358834094832153,0.005650524927169887,-0.019238865875491416,2025-05-30,1.2104858693453946,1.123599783826275
2025-06-30,7.791946985407971e-06,7.791946985407971e-06,0.003388755889329742,-0.003380963942344334,2025-05-30,1.2104953013871151,1.127407389210966
2025-07-01,-0.006560322575162224,-0.007449998675054154,-0.0005338330301016825,-0.006916165644952472,2025-06-30,1.2014771129956219,1.1268055419082244
2025-07-02,-0.006924293856801218,-0.006924293856801218,0.003357314148681123,-0.010281608005482341,2025-06-30,1.193157732403019,1.130588582096885
2025-07-03,-0.005454977762329515,-0.005454977762329515,0.00651833825830006,-0.011973316020629576,2025-06-30,1.186649083505809,1.1379581409059645
2025-07-07,0.0062115825080132575,0.0062115825080132575,-0.007069769449961183,0.01328135195797444,2025-06-30,1.1940200521960638,1.1299130392060528
2025-07-08,0.00234703692223114,0.00234703692223114,-0.0006739643233724113,0.003021001245603551,2025-06-30,1.1968224613444522,1.1291515181291145
2025-07-09,0.0039057749958449485,0.0039057749958449485,0.005427984031501909,-0.0015222090356569605,2025-06-30,1.201496980588437,1.1352805345386654
2025-07-10,0.002930983414688788,0.002930983414688788,0.002077247646868008,0.00085373576782078,2025-06-30,1.2050185483113405,1.137638793357571
2025-07-11,-0.002889079566904175,-0.002889079566904175,-0.003951544989311495,0.00106246542240732,2025-06-30,1.2015371538456736,1.1331433624840324
2025-07-14,0.010593705057645062,0.010593705057645062,0.0009755463059313296,0.009618158751713733,2025-06-30,1.214265884069317,1.1342487963053942
2025-07-15,-0.0075222879621078135,-0.0075222879621078135,-0.003476057436164082,-0.004046230525943731,2025-06-30,1.205131826426784,1.1303060823425366
2025-07-16,-0.002373726077703003,-0.002373726077703003,0.0009345286606901038,-0.0033082547383931067,2025-06-30,1.202271173583325,1.131362385771838
2025-07-17,-0.011971360212984467,-0.011971360212984467,0.005623649726959723,-0.01759500993994419,2025-06-30,1.1878783522906713,1.1377247715436762
2025-07-18,-0.0003710336784937736,-0.0003710336784937736,0.001835278368545579,-0.0022063120470393527,2025-06-30,1.1874376094160177,1.1398128132062488
2025-07-21,0.0023238200315124384,0.0023238200315124384,0.001767260423064965,0.0005565596084474733,2025-06-30,1.19019700071895,1.1418271592807305
2025-07-22,0.0031477017408013007,0.0031477017408013007,0.0001613545173886344,0.0029863472234126663,2025-06-30,1.1939433858900095,1.1420113982509574
2025-07-23,0.00034631321825345665,0.00034631321825345665,0.0102820021940675,-0.009935688975814044,2025-06-30,1.1943568642663895,1.1537535619534238
2025-07-24,0.0018743257807021087,0.0018743257807021087,0.002139800285306803,-0.0002654745046046941,2025-06-30,1.1965954781284427,1.1562223641544656
2025-07-25,0.002559395569704354,0.002559395569704354,-9.560737239078243e-05,0.0026550029420951363,2025-06-30,1.199658039293893,1.1561118207723293
2025-07-28,-0.01308197593604753,-0.01308197593604753,-0.002007946794721938,-0.011074029141325593,2025-06-30,1.1839641416923643,1.1537904097474694
2025-07-29,0.002546822132992141,0.002546822132992141,-0.003800419430043611,0.006347241563035752,2025-06-30,1.1869794877730955,1.149405522256067
2025-07-30,-0.0012921871880716286,-0.0012921871880716286,-0.001570848471895592,0.0002786612838239634,2025-06-30,1.1854456880864912,1.1475999803478427
2025-07-31,0.0051200358070371856,0.0051200358070371856,-0.005041045455032034,0.01016108126206922,2025-06-30,1.1915152124567918,1.1418148766827154
2025-08-01,-0.0077085443459718305,-0.009366313668050756,-0.0131559131688217,0.003789599500770943,2025-07-31,1.1803551072366674,1.1267932593102088
2025-08-04,-0.0021259088011021795,-0.0021259088011021795,0.01205594131176491,-0.01418185011286709,2025-07-31,1.1778457799257671,1.1403778127149449
2025-08-05,0.005941086911873572,0.005941086911873572,-0.00130324734773013,0.007244334259603702,2025-07-31,1.1848434640730898,1.1388916183551139
2025-08-06,-0.005412677999709217,-0.005412677999709217,0.006460031922695286,-0.011872709922404502,2025-07-31,1.178430287922002,1.146248894566178
2025-08-07,0.00810463124774513,0.00810463124774513,0.002400265743707442,0.005704365504037688,2025-07-31,1.187981030856784,1.1490001965215677
2025-08-08,0.017235634939774525,0.017235634939774525,0.005387666092979915,0.01184796884679461,2025-07-31,1.2084566382200084,1.1551906259211941
2025-08-11,0.0041899950356454425,0.0041899950356454425,-0.002498644352532109,0.006688639388177551,2025-07-31,1.213520065534943,1.1523042153876382
2025-08-12,0.00435615506104187,0.00435615506104187,0.009571928029334043,-0.005215772968292173,2025-07-31,1.2188063471100987,1.163333988405227
2025-08-13,0.005413206379545282,0.005413206379545282,0.006271512131258428,-0.0008583057517131459,2025-07-31,1.2254039974037054,1.1706298516262157
2025-08-14,-0.00842932862314415,-0.00842932862314415,-0.00122759894237634,-0.007201729680767811,2025-07-31,1.2150746644134751,1.1691927876584451
2025-08-15,0.0010785666329324241,0.0010785666329324241,0.00011555714300715,0.0009630094899252741,2025-07-31,1.2163852034030331,1.1693278962366116
2025-08-18,0.004768535572436256,0.004768535572436256,-0.0007667906136425984,0.005535326186078855,2025-07-31,1.2221855795152456,1.1684312665815069
2025-08-19,0.010285705345780188,0.010285705345780188,-0.00356358208327634,0.013849287429056528,2025-07-31,1.234756620264001,1.1642674658543772
2025-08-20,-0.003390514966324704,-0.003390514966324704,-0.002225973203924481,-0.001164541762400223,2025-07-31,1.2305701594632275,1.1616758376731844
2025-08-21,0.001880525221455574,0.001880525221455574,-0.003468000296048768,0.005348525517504342,2025-07-31,1.2328842776848685,1.157647145524221
2025-08-22,0.0024688576091862584,0.0024688576091862584,0.01355953782983743,-0.011090680220651171,2025-07-31,1.235928093415077,1.1733443057875599
2025-08-25,0.0032581584316798548,0.0032581584316798548,-0.002439049922013159,0.005697208353693014,2025-07-31,1.2399549429535872,1.1704824604500341
2025-08-26,-0.004459560335101319,-0.004459560335101319,-0.0002518468770987825,-0.004207713458002536,2025-07-31,1.2344252890726786,1.170187678097671
2025-08-27,0.001977398737467765,0.001977398737467765,0.0003358804265680693,0.0016415183108996955,2025-07-31,1.2368662400807893,1.1705807212341552
2025-08-28,0.011945958543012726,0.011945958543012726,0.003462603878116477,0.00848335466489625,2025-07-31,1.2516417929080466,1.174633978579149
2025-08-29,0.005274071957718633,0.005274071957718633,-0.004987765857331072,0.010261837815049704,2025-07-31,1.2582430417891317,1.1687751793259311
2025-09-02,0.008451097053490163,0.006798322912771189,-0.006799289595090241,0.01359761250786143,2025-08-29,1.2667969842899618,1.1608283384101405
2025-09-03,-0.019310026480919833,-0.019310026480919833,0.003491694000634871,-0.022801720481554703,2025-08-29,1.2423351009773733,1.1648815957551342
2025-09-04,0.013445497550726215,0.013445497550726215,0.006052298608182127,0.007393198942544088,2025-08-29,1.259038914534746,1.17193180701582
2025-09-05,-0.005787470847124256,-0.005787470847124256,0.001645460833839874,-0.007432931680964129,2025-08-29,1.2517522635214813,1.1738601749041957
2025-09-08,-0.0011809981204615526,-0.0011809981204615526,0.003316905755930133,-0.004497903876391686,2025-08-29,1.250273946450979,1.1777537584749926
2025-09-09,-0.004034865605002554,-0.004034865605002554,0.002940931086267362,-0.006975796691269916,2025-08-29,1.245229259107613,1.18121745111526
2025-09-10,0.008745829290220936,0.008745829290220936,0.003223458458978756,0.00552237083124218,2025-08-29,1.2561198216349565,1.1850250564999507
2025-09-11,-0.000785836118317684,-0.000785836118317684,0.00689262023217263,-0.007678456350490314,2025-08-29,1.255132717310181,1.1931929841800137
2025-09-12,-0.004351935315725476,-0.004351935315725476,0.0007205723403158615,-0.005072507656041337,2025-08-29,1.2496704609117961,1.1940527660410727
2025-09-15,-0.006175197245060069,-0.006175197245060069,0.004577482898729723,-0.010752680143789793,2025-08-29,1.2419534993243406,1.1995185221578066
2025-09-16,-0.005545812447926839,-0.005545812447926839,0.0001740733155846108,-0.0057198857635114495,2025-08-29,1.2350658581480414,1.1997273263240638
2025-09-17,0.002136609962825967,0.002136609962825967,-0.000399275162013546,0.002535885124839513,2025-08-29,1.2377047121653066,1.1992483050014737
2025-09-18,-0.003454254020496237,-0.003454254020496237,0.002867735922489123,-0.00632198994298536,2025-08-29,1.2334293656871225,1.2026874324457106
2025-09-19,-0.005114221185922672,-0.005114221185922672,0.002624645111215518,-0.0077388662971381895,2025-08-29,1.2271213350937862,1.2058440601355995
2025-09-22,-0.0011597641396140946,-0.0011597641396140946,0.003432645785586885,-0.00459240992520098,2025-08-29,1.2256981637743891,1.209983295666699
2025-09-23,0.0005703355786435172,0.0005703355786435172,-0.003004710086080942,0.0035750456647244593,2025-08-29,1.2263972230458677,1.2063476466542198
2025-09-24,-0.00472134219288469,-0.00472134219288469,-0.00296285737558033,-0.0017584848173043599,2025-08-29,1.2206069820914647,1.2027734106318164
2025-09-25,0.004719067790908693,0.004719067790908693,-0.005861628797549145,0.010580696588457839,2025-08-29,1.2263671091860107,1.1957231993711306
2025-09-26,0.0076950876250742204,0.0076950876250742204,0.003533605201795575,0.004161482423278646,2025-08-29,1.235804111551706,1.199948413088336
2025-09-29,-0.0012706517613571989,-0.0012706517613571989,0.003674701878294551,-0.0049453536396517495,2025-08-29,1.2342338348806703,1.2043578657757683
2025-09-30,0.010704735811570894,0.010704735811570894,0.004324147918493892,0.006380587893077002,2025-08-29,1.24744598201277,1.2095656873341842
2025-10-01,0.006468814495286427,0.005085601746966135,0.00384857531631444,0.0012370264306516953,2025-09-30,1.2537899954781397,1.2142207919819195
2025-10-02,0.005274109090014968,0.005274109090014968,0.002184974255743155,0.0030891348342718125,2025-09-30,1.260402620690261,1.216873833153188
2025-10-03,-0.008694675065115938,-0.008694675065115938,0.002503204707639872,-0.01119787977275581,2025-09-30,1.2494438294521386,1.219919917460941
2025-10-06,-0.007569285756593966,-0.007569285756593966,0.002869483794967653,-0.010438769551561618,2025-09-30,1.2399864320702023,1.2234204578952534
2025-10-07,0.0017743335944263746,0.0017743335944263746,-0.003945545449069332,0.005719879043495707,2025-09-30,1.2421865816532576,1.2185933968753064
2025-10-08,0.004275111388411491,0.004275111388411491,0.004011571064275854,0.0002635403241356372,2025-09-30,1.2474970676550152,1.223481870885329
2025-10-09,0.0005128446635654678,0.0005128446635654678,-0.002650309704751441,0.0031631543683169087,2025-09-30,1.2481368398689756,1.220239265009334
2025-10-10,0.009595107803867261,0.009595107803867261,-0.02135947738733934,0.0309545851912066,2025-09-30,1.2601128474014966,1.1941755920212236
2025-10-13,0.0002489460841698806,0.0002489460841698806,0.009092311648238649,-0.008843365564068768,2025-09-30,1.2604265475604695,1.2050334086666004
2025-10-14,-0.005623368250323078,-0.005623368250323078,-0.002823390310776719,-0.0027999779395463595,2025-09-30,1.2533387049310536,1.2016311290164088
2025-10-15,0.006621127909399581,0.006621127909399581,0.007257339111946814,-0.0006362112025472327,2025-09-30,1.2616372208102031,1.2103517736071523
2025-10-16,0.00750353597821106,0.00750353597821106,-0.001045239593269853,0.008548775571480913,2025-09-30,1.2711039610880026,1.2090866660115938
2025-10-17,-0.0024106595085120718,-0.0024106595085120718,-0.0004977701927081357,-0.001912889315803936,2025-09-30,1.2680397622378985,1.2084848187088524
2025-10-20,0.0008216355073328354,0.0008216355073328354,0.01198292509401377,-0.011161289586680934,2025-09-30,1.2690816287312632,1.2229660017686934
2025-10-21,0.007505484486494033,0.007505484486494033,-0.0008436360714680902,0.008349120557962122,2025-09-30,1.2786067012078004,1.2219342635354222
2025-10-22,-0.004937848576048152,-0.004937848576048152,-0.004101120771975664,-0.0008367278040724881,2025-09-30,1.2722931349289157,1.2169229635452483
2025-10-23,0.004787991365578942,0.004787991365578942,0.004360245061921564,0.00042774630365737844,2025-09-30,1.2783848634734405,1.2222290458877854
2025-10-24,0.005822482697263697,0.005822482697263697,0.006310986945904373,-0.0004885042486406765,2025-09-30,1.2858282372214584,1.2299425174412884
2025-10-27,0.008168611398354307,0.008168611398354307,0.011114772761317,-0.002946161362962692,2025-09-30,1.2963316684163515,1.2436130490321304
2025-10-28,-0.011156313589491235,-0.011156313589491235,0.001086419753086432,-0.012242733342577666,2025-09-30,1.2818693858075103,1.244964134813795
2025-10-29,0.006176502286464731,0.006176502286464731,0.0008089976322018799,0.005367504654262851,2025-09-30,1.2897868549998996,1.2459713078510355
2025-10-30,-0.02004504498291706,-0.02004504498291706,-0.009108653220559537,-0.010936391762357524,2025-09-30,1.2639330194730516,1.2346221872850534
2025-10-31,0.004818957730553687,0.004818957730553687,0.001044589028830645,0.003774368701723042,2025-09-30,1.2700238592681434,1.235911860076642
2025-11-03,0.006301429537155763,0.00517999739307594,0.001609969887600204,0.0035700275054757363,2025-10-31,1.2766025795482967,1.2379016409550934
2025-11-04,-0.013716362848549364,-0.013716362848549364,-0.0109440889021184,-0.0027722739464309636,2025-10-31,1.259092235353818,1.2243539353444026
2025-11-05,0.023349708658750638,0.023349708658750638,0.001073413454786065,0.022276295203964572,2025-10-31,1.2884916722238249,1.2256681733320216
2025-11-06,-0.000126207800013601,-0.000126207800013601,-0.005902454178316252,0.005776246378302651,2025-10-31,1.2883290545245376,1.2184337231011089
2025-11-07,0.005738607955311332,0.005738607955311332,-0.0006854838709676736,0.006424091826279006,2025-10-31,1.2957222698858908,1.21759850643608
2025-11-10,0.009223725577928376,0.009223725577928376,0.01376951942864069,-0.004545793850712314,2025-10-31,1.3076736565285287,1.2343642527267353
2025-11-11,-0.01256003303294821,-0.01256003303294821,0.004199130322298128,-0.01675916335524634,2025-10-31,1.2912492322062143,1.239547509089121
2025-11-12,0.0019667119207890226,0.0019667119207890226,0.00256641464937224,-0.0005997027285832173,2025-10-31,1.293788747463904,1.2427287019750402
2025-11-13,-0.009764915708110455,-0.009764915708110455,-0.01148471011484709,0.0017197944067366359,2025-10-31,1.2811550094008173,1.2284563230814567
2025-11-14,0.005727529592960503,0.005727529592960503,-0.00472924332106861,0.010456772914029112,2025-10-31,1.28849286263033,1.2226466542202992
2025-11-17,-0.000338678349660529,-0.000338678349660529,-0.007654983273560179,0.0073163049238996495,2025-10-31,1.288056477994065,1.2132873145327685
2025-11-18,0.0004377229575323379,0.0004377229575323379,-0.01194561707210895,0.012383340029641287,2025-10-31,1.2886202898850814,1.1987938488749126
2025-11-19,0.0026414682299586026,0.0026414682299586026,0.001229495599430308,0.0014119726305282946,2025-10-31,1.292024139441293,1.2002677606367285
2025-11-20,-0.019484148573138012,-0.019484148573138012,-0.008882430593219581,-0.010601717979918431,2025-10-31,1.2668501491483382,1.1896064655595937
2025-11-21,0.0019715093575563606,0.0019715093575563606,0.002302458364738413,-0.00033094900718205235,2025-10-31,1.2693477560720057,1.1923454849169683
2025-11-24,0.011376465667563791,0.011376465667563791,0.01189789443322753,-0.0005214287656637381,2025-10-31,1.283788447239158,1.206531885624446
2025-11-25,-0.005646031008206648,-0.005646031008206648,0.00890757500178152,-0.014553606009988168,2025-10-31,1.2765401378580683,1.2172791588876866
2025-11-26,0.007486493778408798,0.007486493778408798,0.00923253889774589,-0.0017460451193370922,2025-10-31,1.2860969476580317,1.2285177360715325
2025-11-28,0.005506749852354779,0.005506749852354779,0.004928964917367384,0.0005777849349873944,2025-10-31,1.2931791618346618,1.2345730568929927
2025-12-01,0.005500578951323853,0.004520176153518353,-0.003969596275145815,0.008489772428664168,2025-11-28,1.2990245594442136,1.2296723002849548
2025-12-02,0.00532473390246762,0.00532473390246762,0.001957748589122454,0.0033669853133451656,2025-11-28,1.3059415195560242,1.2320796894959205
2025-12-03,0.00021532770719977665,0.00021532770719977665,0.003309706811815083,-0.0030943791046153064,2025-11-28,1.3062227249491671,1.2361575120369441
2025-12-04,-0.007530950096402758,-0.007530950096402758,0.003547191558280316,-0.011078141654683075,2025-11-28,1.2963856267927876,1.2405423995283464
2025-12-05,0.0032456193943851282,0.0032456193943851282,0.0007227722772278344,0.002522847117157294,2025-11-28,1.3005932011257082,1.2414390291834512
2025-12-08,0.005712881804113842,0.005712881804113842,-0.002661442719618545,0.008374324523732386,2025-11-28,1.3080233363589735,1.2381350103173805
2025-12-09,0.0007034892720216308,0.0007034892720216308,-0.001587238601642671,0.0022907278736643017,2025-11-28,1.308943516743656,1.2361697946349595
2025-12-10,0.005781477095020609,0.005781477095020609,0.005266086403560966,0.0005153906914596431,2025-11-28,1.3165111437043853,1.2426795715829795
2025-12-11,-0.004586163513650636,-0.004586163513650636,0.003489038685828394,-0.00807520219947903,2025-11-28,1.3104734083318137,1.2470153286823211
2025-12-12,0.006735815424782294,0.006735815424782294,-0.006293892265111678,0.013029707689893972,2025-11-28,1.3193005153294222,1.2391667485506517
2025-12-15,-0.0010404051375078932,-0.0010404051375078932,-0.001110141939576592,6.973680206869871e-05,2025-11-28,1.3179279082953566,1.237791097572957
2025-12-16,-0.008103980380269332,-0.008103980380269332,-0.004872191791696401,-0.003231788588572931,2025-11-28,1.3072474463839214,1.2317603419475271
2025-12-17,0.009084731616973759,0.009084731616973759,-0.00777783317545,0.01686256479242376,2025-11-28,1.3191234385912936,1.222179915495724
2025-12-18,0.00378322083030323,0.00378322083030323,0.006160494447515097,-0.0023772736172118667,2025-11-28,1.3241139738619134,1.229709148079
2025-12-19,0.0018772814304011591,0.0018772814304011591,0.007201502227371703,-0.005324220796970544,2025-11-28,1.326599708436779,1.23856490124791
2025-12-22,0.009818256825101734,0.009818256825101734,0.007040926625611066,0.0027773301994906685,2025-11-28,1.3396246050783165,1.2472855458386538
2025-12-23,-0.0015182245246186477,-0.0015182245246186477,0.004539680351357545,-0.006057904875976193,2025-11-28,1.3375907541491039,1.2529478235236298
2025-12-24,0.002502744434276386,0.002502744434276386,0.002431134202529162,7.1610231747224e-05,2025-11-28,1.3409384019643902,1.2559939078313824
2025-12-26,0.004928218085593542,0.004928218085593542,0.0002249212775526921,0.0047032968080408495,2025-11-28,1.347546838848618,1.2562764075857302
2025-12-29,0.009685247813020378,0.009685247813020378,-0.002072721228771557,0.011757969041791935,2025-11-28,1.360598163922519,1.2536724968065225
2025-12-30,0.0014619446393680617,0.0014619446393680617,-0.0005192565813323391,0.001981201220700401,2025-11-28,1.3625872831145995,1.2530215191117204
2025-12-31,0.00026520628147939864,0.00026520628147939864,-0.005430520702634833,0.005695726984114231,2025-11-28,1.3629486498211454,1.2462169598113373
2026-01-02,0.01785578901859623,0.017106379003132607,0.004947665135715873,0.012158713867416734,2025-12-31,1.3862637659867936,1.2523828240149337
2026-01-05,0.008768208858240652,0.008768208858240652,0.008218586952257745,0.0005496219059829069,2025-12-31,1.398418816219577,1.2626756411516145
2026-01-06,0.010464912049231515,0.010464912049231515,0.006935662730297221,0.003529249318934294,2025-12-31,1.4130531461393052,1.2714331335364037
2026-01-07,0.00655934893375447,0.00655934893375447,-0.003545379896633394,0.010104728830387863,2025-12-31,1.4223218547867726,1.26692542006485
2026-01-08,-0.004585703421046673,-0.004585703421046673,-0.001968045914608085,-0.0026176575064385883,2025-12-31,1.4157995085914474,1.2644320526677784
2026-01-09,0.0026795812097905832,0.0026795812097905832,0.005264947301957257,-0.0025853660921666736,2025-12-31,1.4195932583514999,1.27108922079198
2026-01-12,0.0030601885250457427,0.0030601885250457427,0.003304762917081483,-0.00024457439203574025,2025-12-31,1.4239374813509393,1.2752898693131554
2026-01-13,0.0021058056818228405,0.0021058056818228405,-0.000192624411291642,0.0022984300931144824,2025-12-31,1.4269360169897287,1.2750442173528527
2026-01-14,0.008628371185475256,0.008628371185475256,-0.001464227571790433,0.010092598757265689,2025-12-31,1.4392481506022399,1.2731772624545528
2026-01-15,0.003522150482659358,0.003522150482659358,0.001746143531069055,0.0017760069515903032,2025-12-31,1.44431739917055,1.275400412695292
2026-01-16,0.006846488170954064,0.006846488170954064,-4.815192896645559e-05,0.006894640099920519,2025-12-31,1.4542059011590742,1.2753389997052162
2026-01-20,0.009764740531391935,0.009764740531391935,-0.01546714435680363,0.025231884888195565,2025-12-31,1.4684058444631114,1.2556131472929142
2026-01-21,0.008186393696775129,0.008186393696775129,0.006241012648321886,0.0019453810484532427,2025-12-31,1.480426792812532,1.2634494448265685
2026-01-22,-0.00855720343838389,-0.00855720343838389,0.007174451951586835,-0.015731655389970723,2025-12-31,1.4677584795708012,1.2725140021617358
2026-01-23,-0.007114647300466894,-0.007114647300466894,0.001467138982461869,-0.008581786282928763,2025-12-31,1.4573158956663854,1.274380957060036
2026-01-26,-0.013171813212419477,-0.013171813212419477,0.006380415401667561,-0.019552228614087036,2025-12-31,1.4381204028971781,1.2825120369460536
2026-01-27,0.002593156138292789,0.002593156138292789,0.006617696352126501,-0.004024540213833712,2025-12-31,1.441849673647555,1.2909993121745098
2026-01-28,0.005409517321211422,0.005409517321211422,0.000561327396582767,0.004848189924628655,2025-12-31,1.4496493844317344,1.291723985457403
2026-01-29,-0.006336163950141224,-0.006336163950141224,-0.001407285555354854,-0.00492887839478637,2025-12-31,1.4404641682617536,1.2899061609511633
2026-01-30,-0.0021697362585126785,-0.0021697362585126785,-0.005646597282396582,0.003476861023883904,2025-12-31,1.4373387409267877,1.2826225803281899
2026-02-02,0.0003371625654176489,-0.0004992441956831761,-0.0004692318005095064,-3.0012395173669663e-05,2026-01-30,1.4366211579031496,1.2820207330254483
2026-02-03,0.0020282296574570197,0.0020282296574570197,0.0002011937495809413,0.0018270359078760784,2026-01-30,1.4395349555421388,1.282278667583766
2026-02-04,-0.0071493765183029,-0.0071493765183029,-0.003764439931799535,-0.0033849365865033653,2026-01-30,1.4292431781337096,1.277451606563819
2026-02-05,0.013807238083657069,0.013807238083657069,-0.01231671554252189,0.026123953626178958,2026-01-30,1.4489770789736445,1.2617175985064348
2026-02-06,0.0062776848499779105,0.0062776848499779105,0.01516685487325242,-0.008889170023274509,2026-01-30,1.4580733004302826,1.2808538862140104
2026-02-09,0.0002760371096115292,0.0002760371096115292,0.01069216163863373,-0.0104161245290222,2026-01-30,1.4584757827697352,1.2945489830008827
2026-02-10,-0.0020364894351919648,-0.0020364894351919648,0.0007115952066947262,-0.002748084641886691,2026-01-30,1.4555056122466412,1.2954701778520177
2026-02-11,0.01360584779104803,0.01360584779104803,0.0008059010922329968,0.012799946698815033,2026-01-30,1.4753090000658853,1.296514198683304
2026-02-12,0.00950407235188983,0.00950407235188983,-0.009805128982445455,0.019309201334335287,2026-01-30,1.4893304435439056,1.2838017097376422
2026-02-13,0.0030726366912042194,0.0030726366912042194,-0.002363138860718372,0.005435775551922591,2026-01-30,1.493906614910066,1.2807679080279044
2026-02-17,0.0006018994141575413,0.0006018994141575413,-0.0002972908175497002,0.0008991902317072415,2026-01-30,1.4948057964263863,1.2803871474894353
2026-02-18,0.0015152992954385208,0.0015152992954385208,0.006954836729212266,-0.005439537433773746,2026-01-30,1.4970708745965287,1.2892920310504061
2026-02-19,0.0055790769508708435,0.0055790769508708435,-0.002362602292105276,0.007941679242976118,2026-01-30,1.5054231482068101,1.2862459467426535
2026-02-20,-0.0023863824373899513,-0.0023863824373899513,0.005500329446815888,-0.00788671188420584,2026-01-30,1.501830632845089,1.2933207231993697
2026-02-23,0.005206960884412051,0.005206960884412051,-0.006154021482093541,0.011360982366505592,2026-01-30,1.5096506062053252,1.285361599685564
2026-02-24,-0.003411177372974046,-0.003411177372974046,0.005179218148286147,-0.008590395521260192,2026-01-30,1.504500920216341,1.2920187678097657
2026-02-25,-0.0005078173412831659,-0.0005078173412831659,0.009031190881349183,-0.009539008222632348,2026-01-30,1.5037369085590788,1.3036872359241412
2026-02-26,-0.002812705201738145,-0.002812705201738145,-0.001987921726759767,-0.0008247834749783777,2026-01-30,1.499507339934329,1.301095607742948
2026-02-27,0.00573816419132386,0.00573816419132386,-0.002397809874445378,0.008135974065769238,2026-01-30,1.5081117592569675,1.2979758278471045
2026-03-02,0.007944180690362245,0.007944180690362245,-0.006557780385328837,0.014501961075691083,2026-01-30,1.520092471573765,1.289463987422618
2026-03-03,-0.011745421318301766,-0.011745421318301766,-0.01909833020584284,0.007352908887541074,2026-01-30,1.5022383450523524,1.264837378402278
2026-03-04,0.004162811316617457,0.004162811316617457,0.001757656975276189,0.002405154341341268,2026-01-30,1.508491879835393,1.2670605286430168
2026-03-05,-0.0033918730120049245,-0.0033918730120049245,-0.003354045696449037,-3.782731555588767e-05,2026-01-30,1.5033752669393508,1.2628107497297811
2026-03-06,-0.010986397584213815,-0.010986397584213815,-0.01042669701302379,-0.0005597005711900239,2026-01-30,1.4868585885384815,1.2496438046575593
